Video #,Time (seconds),Converted Time,Observation,Comments
0,65,0.000752315,2 T 1,
0,110,0.001273148,2 C 4,
0,114,0.001319444,2 C 1,
0,120,0.001388889,2 C 1,
0,313,0.003622685,3 T 1,
0,314,0.003634259,2 C 1,
0,323,0.003738426,3 T 4,
0,390,0.004513889,2 C 1,
0,396,0.004583333,2 T 4,
0,419,0.004849537,2 T 1,
0,421,0.004872685,2 C 4,
0,440,0.005092593,2 T 1,
0,481,0.00556713,2 T 4,
0,513,0.0059375,2 C 1,
0,644,0.007453704,1 T 2,
0,645,0.007465278,3 C 4,
0,663,0.007673611,1 B 3,
0,670,0.00775463,1 B 2,
0,696,0.008055556,end experiment,
1,723,0.008368056,1 B 3,
1,724,0.00837963,3 B 2,
1,731,0.008460648,3 T 4,
1,732,0.008472222,3 T 4,
1,788,0.00912037,3 L 2,
1,791,0.009155093,3 B 1,
1,798,0.009236111,3 T 4,
1,799,0.009247685,3 T 2,
1,802,0.009282407,3 T 1,
1,804,0.009305556,3 T 2,
1,823,0.009525463,3 T 4,
1,884,0.010231481,3 C 4,
1,918,0.010625,3 T 4,
1,919,0.010636574,3 T 4,
1,931,0.010775463,3 T 4,
1,982,0.011365741,3 T 4,
1,985,0.011400463,3 T 2,
1,1028,0.011898148,3 C 4,
1,1031,0.01193287,3 C 2,
1,1092,0.012638889,3 T 1,
1,1118,0.012939815,3 T 2,
1,1148,0.013287037,2 B 1,
1,1148,0.013287037,4 T 1,
1,1161,0.0134375,2 T 1,
1,1193,0.01380787,panic,
1,1348,0.015601852,4 T 1,
1,1381,0.015983796,end experiment,
2,1403,0.016238426,4 B 2,
2,1406,0.016273148,1 T 2,
2,1610,0.018634259,2 C 4,
2,1613,0.018668981,2 T 4,
2,1614,0.018680556,2 T 1,
2,1622,0.018773148,2 T 3,
2,1699,0.019664352,2 T 1,
2,1699,0.019664352,2 T 4,
2,1701,0.0196875,2 T 1,
2,1737,0.020104167,3 T 4,
2,1754,0.020300926,2 C 1,
2,1941,0.022465278,2 T 1,
2,1943,0.022488426,2 T 1,
2,1945,0.022511574,2 T 1,
2,2066,0.023912037,end experiment,
3,2118,0.024513889,1 T 4,
3,2220,0.025694444,1 T 2,
3,2264,0.026203704,4 T 1,
3,2272,0.026296296,1 B 4,
3,2306,0.026689815,1 T 4,
3,2315,0.026793981,1 T 4,
3,2336,0.027037037,1 T 4,
3,2338,0.027060185,1 T 2,
3,2341,0.027094907,2 T 4,
3,2343,0.027118056,2 T 1,
3,2349,0.0271875,2 T 1,
3,2369,0.027418981,2 T 3,
3,2371,0.02744213,2 T 1,
3,2491,0.028831019,2 T 4,
3,2493,0.028854167,2 T 1,
3,2494,0.028865741,2 T 4,
3,2499,0.028923611,2 T 4,
3,2500,0.028935185,3 T 1,
3,2503,0.028969907,2 T 1,
3,2518,0.029143519,1 T 4,
3,2538,0.029375,2 T 1,
3,2538,0.029375,2 B 1,
3,2540,0.029398148,2 T 1,
3,2544,0.029444444,2 T 4,
3,2546,0.029467593,2 T 1,
3,2558,0.029606481,2 T 4,
3,2594,0.030023148,2 T 4,
3,2596,0.030046296,2 T 4,
3,2624,0.03037037,2 T 4,
3,2630,0.030439815,2 C 1,
3,2712,0.031388889,panic,
3,2749,0.03181713,panic,
3,2751,0.031840278,end experiment,
4,2763,0.031979167,2 T 1,
4,2775,0.032118056,2 T 4,
4,2820,0.032638889,2 T 1,
4,2859,0.033090278,2 C 1,
4,2936,0.033981481,1 L 4,
4,2950,0.034143519,2 T 4,
4,2952,0.034166667,2 T 4,
4,3042,0.035208333,2 T 1,
4,3061,0.035428241,2 B 1,
4,3068,0.035509259,2 T 1,
4,3329,0.038530093,2 T 4,
4,3421,0.039594907,2 T 4,
4,3437,0.039780093,end experiment,
5,3607,0.041747685,1 T 4,
5,3768,0.043611111,1 C 4,
5,3897,0.045104167,2 C 1,
5,3899,0.045127315,2 C 4,
5,3964,0.04587963,2 T 1,
5,3964,0.04587963,4 T 2,
5,3965,0.045891204,2 T 4,
5,3968,0.045925926,2 T 4,
5,4010,0.046412037,1 T 4,
5,4012,0.046435185,1 C 4,
5,4020,0.046527778,2 C 1,
5,4038,0.046736111,4 T 1,
5,4041,0.046770833,2 T 1,
5,4044,0.046805556,2 C 4,
5,4045,0.04681713,2 T 1,
5,4049,0.046863426,2 T 4,
5,4055,0.04693287,2 T 1,
5,4103,0.047488426,2 C 1,
5,4105,0.047511574,2 C 1,
5,4110,0.047569444,2 T 4,
5,4117,0.047650463,2 B 3,
5,4123,0.047719907,end experiment,
6,4153,0.04806713,2 B 3,
6,4154,0.048078704,3 T 2,
6,4234,0.04900463,2 T 1,
6,4236,0.049027778,1 T 4,
6,4243,0.049108796,3 B 4,
6,4317,0.049965278,2 T 4,
6,4489,0.051956019,3 T 1,
6,4533,0.052465278,1 T 2,
6,4541,0.05255787,2 T 4,
6,4634,0.053634259,1 T 4,
6,4669,0.054039352,1 T 3,
6,4678,0.054143519,2 B 3,
6,4681,0.054178241,2 T 1,
6,4683,0.054201389,2 T 1,
6,4688,0.054259259,2 T 4,
6,4690,0.054282407,2 T 1,
6,4694,0.054328704,2 C 4,
6,4809,0.055659722,end experiment,
7,5056,0.058518519,4 B 2,
7,5058,0.058541667,2 T 4,
7,5061,0.058576389,2 T 4,
7,5066,0.058634259,2 T 4,
7,5187,0.060034722,2 C 1,
7,5206,0.06025463,2 T 1,
7,5337,0.061770833,2 C 1,
7,5398,0.062476852,2 C 1,
7,5494,0.063587963,end experiment,
8,5523,0.063923611,2 B 1,
8,5525,0.063946759,2 T 1,
8,5526,0.063958333,2 T 1,
8,5530,0.06400463,2 T 1,
8,5530,0.06400463,2 C 1,
8,5533,0.064039352,2 T 3,
8,5546,0.064189815,2 C 4,
8,5571,0.064479167,2 T 4,
8,5628,0.065138889,2 B 1,
8,5899,0.068275463,2 T 3,
8,5902,0.068310185,2 T 1,
8,5903,0.068321759,2 C 4,
8,5917,0.068483796,2 T 4,
8,5955,0.068923611,2 T 3,
8,5959,0.068969907,1 T 4,
8,5973,0.069131944,1 T 3,
8,5993,0.069363426,2 T 3,
8,6006,0.069513889,2 T 3,
8,6014,0.069606481,2 T 3,
8,6020,0.069675926,2 C 4,
8,6025,0.069733796,2 T 3,
8,6113,0.070752315,3 L 2,
8,6117,0.070798611,2 T 3,
8,6120,0.070833333,2 C 4,
8,6120,0.070833333,2 C 1,
8,6121,0.070844907,2 C 4,
8,6121,0.070844907,2 T 4,
8,6123,0.070868056,2 C 4,
8,6125,0.070891204,2 T 3,
8,6132,0.070972222,2 T 3,
8,6133,0.070983796,2 C 4,
8,6134,0.07099537,2 T 3,
8,6180,0.071527778,end experiment,
9,6216,0.071944444,2 T 4,
9,6217,0.071956019,2 T 4,
9,6219,0.071979167,2 T 4,
9,6222,0.072013889,2 T 1,
9,6234,0.072152778,2 T 1,
9,6237,0.0721875,2 T 1,
9,6242,0.07224537,2 T 1,
9,6251,0.072349537,2 T 4,
9,6255,0.072395833,2 C 1,
9,6257,0.072418981,2 T 1,Above threshold?
9,6280,0.072685185,2 T 1,
9,6284,0.072731481,2 C 4,
9,6319,0.073136574,2 T 4,
9,6335,0.073321759,2 T 4,Another about threshold
9,6367,0.07369213,2 T 1,
9,6387,0.073923611,2 T 1,
9,6388,0.073935185,2 T 1,
9,6390,0.073958333,2 T 1,
9,6393,0.073993056,2 C 1,
9,6395,0.074016204,2 T 4,Not much response from 4
9,6471,0.074895833,2 B 1,
9,6473,0.074918981,2 T 1,
9,6548,0.075787037,2 T 1,
9,6592,0.076296296,2 T 1,
9,6593,0.07630787,2 T 1,Potential low level chase?
9,6733,0.077928241,2 T 1,
9,6744,0.078055556,2 T 1,"Looks like 2 goes for 4 and then switches to 1, 4 doesn't give a strong reaction"
9,6832,0.079074074,2 T 1,
9,6834,0.079097222,2 T 1,
9,6836,0.07912037,2 T 1,
9,6866,0.079467593,end experiment,
10,6907,0.07994213,2 B 1,
10,6958,0.080532407,2 T 4,
10,6959,0.080543981,2 T 4,
10,6967,0.080636574,2 C 1,
10,6968,0.080648148,2 T 1,
10,6986,0.080856481,1 T 4,
10,7033,0.081400463,1 T 4,
10,7034,0.081412037,1 T 4,
10,7037,0.081446759,1 T 2,
10,7041,0.081493056,2 T 1,
10,7042,0.08150463,2 T 1,
10,7043,0.081516204,2 C 1,
10,7044,0.081527778,2 C 1,
10,7107,0.082256944,2 T 1,
10,7175,0.083043981,2 T 1,
10,7176,0.083055556,2 C 1,
10,7332,0.084861111,3 T 4,
10,7334,0.084884259,3 C 4,
10,7335,0.084895833,3 T 4,
10,7339,0.08494213,2 C 1,
10,7358,0.085162037,3 T 1,
10,7365,0.085243056,2 T 4,
10,7369,0.085289352,2 T 4,
10,7370,0.085300926,4 T 1,
10,7372,0.085324074,2 C 1,
10,7374,0.085347222,1 T 4,
10,7385,0.085474537,4 T 1,
10,7399,0.085636574,2 T 4,
10,7412,0.085787037,1 T 4,
10,7418,0.085856481,1 T 2,
10,7419,0.085868056,2 C 1,
10,7419,0.085868056,2 T 1,
10,7433,0.086030093,2 C 1,
10,7540,0.087268519,2 T 1,
10,7552,0.087407407,end experiment,
11,7603,0.087997685,2 C 1,
11,7615,0.088136574,2 T 1,
11,7622,0.088217593,1 C 4,
11,7626,0.088263889,2 T 1,
11,7631,0.088321759,2 C 1,
11,7635,0.088368056,2 T 4,
11,7671,0.088784722,1 C 4,
11,7685,0.088946759,1 L 3,
11,7686,0.088958333,2 C 3,
11,7692,0.089027778,1 C 4,
11,7696,0.089074074,1 C 3,
11,7725,0.089409722,2 T 4,
11,7736,0.089537037,2 T 1,
11,7750,0.089699074,3 C 4,
11,7755,0.089756944,1 T 4,
11,7816,0.090462963,1 T 3,
11,7819,0.090497685,1 C 3,
11,7856,0.090925926,3 T 4,
11,7866,0.091041667,2 T 4,
11,7989,0.092465278,2 T 1,
11,8025,0.092881944,1 T 4,
11,8053,0.093206019,1 C 3,
11,8144,0.094259259,2 C 1,
11,8165,0.094502315,2 T 1,
11,8179,0.094664352,1 C 4,
11,8186,0.09474537,1 T 2,
11,8188,0.094768519,2 C 1,
11,8189,0.094780093,1 C 4,
11,8204,0.094953704,2 T 3,
11,8237,0.095335648,end experiment,
12,8237,0.095335648,1 T 4,
12,8253,0.095520833,1 C 3,
12,8255,0.095543981,1 T 4,
12,8262,0.095625,1 T 3,
12,8267,0.09568287,1 T 4,
12,8294,0.09599537,1 C 3,
12,8295,0.096006944,1 T 4,
12,8296,0.096018519,1 T 4,
12,8318,0.096273148,1 C 2,
12,8320,0.096296296,1 T 4,
12,8324,0.096342593,1 T 4,
12,8377,0.096956019,1 T 3,
12,8384,0.097037037,1 T 3,
12,8427,0.097534722,1 C 3,
12,8428,0.097546296,1 C 3,
12,8433,0.097604167,1 C 3,
12,8445,0.097743056,1 T 3,
12,8464,0.097962963,1 T 4,
12,8467,0.097997685,1 C 3,
12,8468,0.098009259,1 T 3,
12,8597,0.099502315,1 C 3,
12,8608,0.09962963,1 T 4,
12,8634,0.099930556,2 T 4,
12,8649,0.100104167,1 T 2,
12,8650,0.100115741,2 T 1,
12,8651,0.100127315,2 T 1,
12,8788,0.101712963,2 C 3,
12,8789,0.101724537,2 C 4,
12,8805,0.101909722,1 T 3,
12,8807,0.10193287,1 C 4,
12,8808,0.101944444,2 T 3,
12,8833,0.102233796,1 T 3,
12,8839,0.102303241,2 C 1,
12,8843,0.102349537,1 T 3,
12,8844,0.102361111,3 T 4,
12,8846,0.102384259,1 T 4,
12,8848,0.102407407,1 C 4,
12,8849,0.102418981,1 C 4,
12,8851,0.10244213,2 C 1,
12,8852,0.102453704,2 T 4,
12,8853,0.102465278,2 T 3,
12,8856,0.1025,1 C 4,
12,8857,0.102511574,1 T 4,
12,8860,0.102546296,2 T 4,
12,8922,0.103263889,end experiment,
13,8924,0.103287037,2 T 4,
13,8927,0.103321759,2 C 4,
13,8929,0.103344907,2 C 4,
13,8931,0.103368056,2 C 4,
13,8974,0.103865741,2 T 3,
13,9033,0.104548611,2 T 1,
13,9035,0.104571759,1 T 4,
13,9089,0.105196759,2 T 3,
13,9100,0.105324074,1 T 3,
13,9102,0.105347222,1 T 4,
13,9102,0.105347222,1 T 4,
13,9104,0.10537037,2 T 4,
13,9109,0.105428241,2 T 3,
13,9152,0.105925926,1 T 3,
13,9155,0.105960648,1 T 4,
13,9172,0.106157407,1 T 3,
13,9190,0.106365741,1 C 3,
13,9192,0.106388889,1 T 4,
13,9193,0.106400463,1 T 4,
13,9195,0.106423611,2 T 3,
13,9196,0.106435185,2 C 3,
13,9211,0.106608796,1 T 3,
13,9220,0.106712963,1 T 3,
13,9232,0.106851852,2 T 3,
13,9234,0.106875,1 C 3,
13,9248,0.107037037,1 T 3,
13,9256,0.10712963,2 T 4,
13,9258,0.107152778,1 T 4,
13,9259,0.107164352,1 C 4,
13,9269,0.107280093,1 C 3,
13,9270,0.107291667,1 T 3,
13,9277,0.107372685,2 T 3,
13,9285,0.107465278,2 C 3,
13,9300,0.107638889,3 C 4,
13,9301,0.107650463,2 T 3,
13,9302,0.107662037,2 T 3,
13,9322,0.107893519,1 T 3,
13,9323,0.107905093,1 C 3,
13,9323,0.107905093,1 T 4,
13,9324,0.107916667,1 C 3,
13,9344,0.108148148,1 C 3,
13,9347,0.10818287,1 T 4,
13,9348,0.108194444,1 C 4,
13,9352,0.108240741,1 C 4,
13,9355,0.108275463,1 C 3,
13,9366,0.108402778,1 C 3,
13,9368,0.108425926,2 T 4,
13,9370,0.108449074,2 T 4,
13,9381,0.108576389,2 T 3,
13,9383,0.108599537,2 T 4,
13,9391,0.10869213,2 T 4,
13,9400,0.108796296,2 T 1,
13,9432,0.109166667,1 T 4,
13,9435,0.109201389,2 T 3,
13,9439,0.109247685,1 T 2,
13,9456,0.109444444,2 T 3,
13,9466,0.109560185,2 B 3,
13,9468,0.109583333,1 C 3,
13,9484,0.109768519,2 T 4,
13,9488,0.109814815,2 C 4,
13,9491,0.109849537,2 T 3,
13,9492,0.109861111,2 T 3,
13,9527,0.110266204,2 T 1,
13,9531,0.1103125,1 C 4,
13,9533,0.110335648,1 T 3,
13,9536,0.11037037,1 C 3,
13,9539,0.110405093,1 C 3,
13,9541,0.110428241,2 T 3,
13,9544,0.110462963,2 T 4,
13,9546,0.110486111,1 T 3,
13,9548,0.110509259,1 T 3,
13,9549,0.110520833,1 T 2,
13,9570,0.110763889,1 T 3,
13,9571,0.110775463,1 C 3,
13,9593,0.111030093,2 T 3,
13,9607,0.11119213,end experiment,
14,9608,0.111203704,2 T 1,
14,9640,0.111574074,3 T 4,
14,9642,0.111597222,3 C 4,
14,9655,0.111747685,3 C 2,
14,9661,0.11181713,3 T 2,
14,9661,0.11181713,3 C 2,
14,9665,0.111863426,3 T 4,
14,9670,0.111921296,3 T 2,
14,9671,0.11193287,3 T 2,
14,9679,0.112025463,3 T 4,
14,9680,0.112037037,2 T 4,
14,9681,0.112048611,3 T 1,
14,9682,0.112060185,3 T 2,
14,9683,0.112071759,3 C 2,
14,9686,0.112106481,3 C 4,
14,9689,0.112141204,3 C 2,
14,9692,0.112175926,3 T 1,
14,9718,0.112476852,3 C 1,
14,9743,0.112766204,3 T 2,
14,9744,0.112777778,3 T 2,
14,9745,0.112789352,3 C 2,
14,9746,0.112800926,3 C 1,
14,9762,0.112986111,3 C 1,
14,9764,0.113009259,3 C 1,
14,9771,0.113090278,3 C 2,
14,9785,0.113252315,1 T 2,
14,9786,0.113263889,1 C 4,
14,9788,0.113287037,1 T 4,
14,9789,0.113298611,1 T 4,
14,9792,0.113333333,3 C 4,
14,9793,0.113344907,3 T 4,
14,9794,0.113356481,3 T 2,
14,9795,0.113368056,3 C 2,
14,9800,0.113425926,3 C 4,
14,9801,0.1134375,3 T 4,
14,9808,0.113518519,1 C 2,
14,9808,0.113518519,1 T 2,
14,9817,0.113622685,3 C 1,
14,9837,0.113854167,3 C 2,
14,9839,0.113877315,3 C 2,
14,9840,0.113888889,3 B 4,
14,9845,0.113946759,3 C 2,
14,9900,0.114583333,3 T 4,
14,9917,0.114780093,3 T 4,
14,9930,0.114930556,3 T 4,
14,9940,0.115046296,3 T 4,
14,9941,0.11505787,3 T 4,
14,9949,0.115150463,3 T 4,
14,9951,0.115173611,3 T 1,
14,9954,0.115208333,3 C 4,
14,9957,0.115243056,3 C 2,
14,9959,0.115266204,3 T 1,
14,9960,0.115277778,3 T 2,
14,10009,0.115844907,2 T 4,
14,10056,0.116388889,1 T 4,
14,10143,0.117395833,2 T 1,
14,10144,0.117407407,1 C 4,
14,10156,0.117546296,3 T 2,
14,10158,0.117569444,3 T 4,
14,10159,0.117581019,3 T 4,
14,10160,0.117592593,3 T 4,
14,10161,0.117604167,3 C 4,
14,10165,0.117650463,3 C 1,
14,10171,0.117719907,3 T 4,
14,10171,0.117719907,3 C 4,
14,10173,0.117743056,3 T 1,
14,10175,0.117766204,3 C 4,
14,10182,0.117847222,1 C 4,
14,10183,0.117858796,3 C 4,
14,10184,0.11787037,1 T 4,
14,10185,0.117881944,3 T 1,
14,10186,0.117893519,3 T 1,
14,10191,0.117951389,3 T 2,
14,10192,0.117962963,3 C 1,
14,10192,0.117962963,3 C 2,
14,10207,0.118136574,3 T 4,
14,10252,0.118657407,1 C 4,
14,10292,0.11912037,end experiment,
15,10338,0.119652778,1 T 4,
15,10342,0.119699074,3 B 4,
15,10343,0.119710648,3 C 4,
15,10346,0.11974537,3 C 1,
15,10347,0.119756944,3 C 1,
15,10398,0.120347222,1 T 4,
15,10400,0.12037037,1 T 4,
15,10401,0.120381944,1 C 4,
15,10412,0.120509259,3 T 4,
15,10420,0.120601852,3 T 1,
15,10421,0.120613426,3 T 4,"3 T 1, then 4, notcodable after"
15,10437,0.120798611,1 T 4,
15,10439,0.120821759,1 T 4,
15,10567,0.122303241,3 C 2,
15,10569,0.122326389,3 C 2,
15,10573,0.122372685,3 T 2,
15,10574,0.122384259,1 T 4,
15,10578,0.122430556,3 T 2,
15,10596,0.122638889,3 C 2,
15,10618,0.122893519,1 T 2,
15,10620,0.122916667,1 C 4,
15,10620,0.122916667,3 T 2,
15,10622,0.122939815,3 T 1,
15,10623,0.122951389,1 C 2,
15,10624,0.122962963,1 T 2,
15,10626,0.122986111,1 C 2,
15,10629,0.123020833,1 C 4,
15,10633,0.12306713,1 T 4,
15,10635,0.123090278,1 C 4,
15,10643,0.12318287,4 B 2,
15,10647,0.123229167,3 T 4,
15,10655,0.123321759,4 C 2,
15,10658,0.123356481,3 T 4,
15,10660,0.12337963,3 T 2,
15,10662,0.123402778,3 T 2,
15,10663,0.123414352,3 T 2,
15,10665,0.1234375,3 C 2,
15,10685,0.123668981,1 C 4,
15,10686,0.123680556,1 C 4,
15,10688,0.123703704,1 T 4,
15,10689,0.123715278,1 B 4,
15,10690,0.123726852,1 C 4,
15,10692,0.12375,1 T 4,
15,10694,0.123773148,3 T 4,
15,10695,0.123784722,1 C 4,
15,10699,0.123831019,3 T 4,
15,10700,0.123842593,3 T 2,
15,10701,0.123854167,3 T 2,
15,10703,0.123877315,3 T 2,
15,10704,0.123888889,1 T 4,
15,10708,0.123935185,3 T 4,
15,10710,0.123958333,3 T 1,
15,10713,0.123993056,3 T 2,
15,10718,0.124050926,1 T 2,
15,10721,0.124085648,3 C 2,
15,10725,0.124131944,1 T 2,
15,10727,0.124155093,3 T 1,
15,10728,0.124166667,3 C 2,
15,10732,0.124212963,1 T 2,
15,10734,0.124236111,3 T 2,
15,10735,0.124247685,3 C 2,
15,10738,0.124282407,1 T 2,
15,10752,0.124444444,1 T 2,
15,10755,0.124479167,3 T 2,
15,10756,0.124490741,1 T 2,
15,10757,0.124502315,1 C 2,
15,10800,0.125,1 T 4,
15,10801,0.125011574,1 T 2,
15,10803,0.125034722,1 T 4,
15,10804,0.125046296,1 T 2,Check - Didn't see that as chase
15,10806,0.125069444,1 T 4,
15,10812,0.125138889,3 T 2,
15,10816,0.125185185,3 T 2,
15,10817,0.125196759,3 T 2,
15,10819,0.125219907,1 T 2,
15,10821,0.125243056,3 T 2,
15,10824,0.125277778,3 T 2,
15,10825,0.125289352,3 T 4,
15,10826,0.125300926,3 T 2,Check - Agree with 3 T 2
15,10827,0.1253125,3 T 4,
15,10829,0.125335648,3 T 4,
15,10833,0.125381944,1 T 4,
15,10836,0.125416667,1 T 2,
15,10837,0.125428241,3 T 4,
15,10841,0.125474537,1 T 2,
15,10843,0.125497685,1 T 4,
15,10853,0.125613426,3 T 2,
15,10855,0.125636574,3 T 2,
15,10858,0.125671296,1 T 2,
15,10861,0.125706019,3 T 2,
15,10866,0.125763889,3 C 2,
15,10868,0.125787037,3 T 1,
15,10869,0.125798611,1 T 2,
15,10870,0.125810185,3 C 1,
15,10871,0.125821759,3 C 2,
15,10872,0.125833333,3 C 2,
15,10872,0.125833333,1 C 4,
15,10874,0.125856481,1 T 4,
15,10878,0.125902778,1 C 4,
15,10881,0.1259375,3 C 2,
15,10883,0.125960648,1 C 4,
15,10884,0.125972222,1 C 4,
15,10890,0.126041667,1 T 4,
15,10891,0.126053241,1 C 4,
15,10896,0.126111111,3 T 4,
15,10898,0.126134259,1 T 4,
15,10900,0.126157407,1 C 4,
15,10923,0.126423611,2 T 4,
15,10951,0.126747685,3 T 4,
15,10964,0.126898148,3 C 2,
15,10977,0.127048611,end experiment,
16,10980,0.127083333,3 T 4,
16,10987,0.127164352,3 T 4,
16,10994,0.12724537,3 T 2,
16,10995,0.127256944,3 T 4,
16,10997,0.127280093,1 T 4,
16,11011,0.12744213,1 T 4,
16,11015,0.127488426,3 B 2,
16,11017,0.127511574,3 T 2,
16,11103,0.128506944,2 T 1,
16,11104,0.128518519,1 T 2,
16,11105,0.128530093,1 T 2,
16,11123,0.128738426,3 C 2,
16,11124,0.12875,3 C 4,
16,11125,0.128761574,3 T 2,
16,11143,0.128969907,1 C 4,
16,11144,0.128981481,1 T 2,
16,11168,0.129259259,2 T 4,
16,11179,0.129386574,3 C 4,
16,11187,0.129479167,3 C 4,
16,11190,0.129513889,1 T 4,
16,11201,0.129641204,3 T 4,
16,11204,0.129675926,4 T 1,
16,11205,0.1296875,1 C 4,
16,11206,0.129699074,1 T 4,
16,11209,0.129733796,1 C 4,
16,11211,0.129756944,1 C 4,
16,11213,0.129780093,1 C 4,
16,11214,0.129791667,1 C 2,
16,11222,0.129884259,1 T 2,
16,11224,0.129907407,3 C 2,
16,11232,0.13,3 C 4,
16,11247,0.130173611,3 T 2,
16,11250,0.130208333,3 T 4,
16,11251,0.130219907,3 C 4,
16,11257,0.130289352,3 T 4,
16,11311,0.130914352,1 T 2,
16,11314,0.130949074,3 T 2,
16,11316,0.130972222,3 C 2,
16,11363,0.131516204,1 C 4,
16,11366,0.131550926,1 T 4,
16,11367,0.1315625,3 T 1,
16,11368,0.131574074,3 T 4,
16,11371,0.131608796,3 C 2,
16,11373,0.131631944,3 C 2,
16,11374,0.131643519,3 C 2,
16,11376,0.131666667,3 T 1,
16,11379,0.131701389,3 C 2,
16,11381,0.131724537,3 T 2,
16,11409,0.132048611,3 T 2,
16,11432,0.132314815,1 T 2,
16,11434,0.132337963,3 T 2,
16,11475,0.1328125,1 C 4,
16,11477,0.132835648,1 T 4,
16,11512,0.133240741,3 T 1,
16,11514,0.133263889,1 T 4,
16,11515,0.133275463,3 C 1,
16,11526,0.133402778,3 C 4,
16,11531,0.133460648,3 T 2,
16,11563,0.133831019,1 C 2,
16,11611,0.134386574,3 C 2,
16,11613,0.134409722,1 T 2,
16,11617,0.134456019,1 T 2,
16,11629,0.134594907,3 T 2,
16,11631,0.134618056,3 C 2,
16,11633,0.134641204,3 T 2,
16,11663,0.134988426,end experiment,
17,11746,0.135949074,3 C 2,
17,11747,0.135960648,3 T 1,
17,11750,0.13599537,3 C 2,
17,11752,0.136018519,3 T 4,
17,11763,0.136145833,1 T 2,
17,11767,0.13619213,3 T 4,
17,11793,0.136493056,3 T 2,
17,11835,0.136979167,3 T 2,
17,11870,0.137384259,3 T 4,
17,11871,0.137395833,3 C 2,
17,11873,0.137418981,3 C 2,
17,11996,0.138842593,3 T 2,
17,12001,0.138900463,3 T 2,
17,12002,0.138912037,3 C 2,
17,12004,0.138935185,3 T 2,
17,12005,0.138946759,3 C 2,
17,12008,0.138981481,3 C 2,
17,12117,0.140243056,1 C 4,
17,12120,0.140277778,1 T 4,
17,12120,0.140277778,1 C 4,
17,12123,0.1403125,1 C 4,
17,12157,0.140706019,3 T 2,
17,12172,0.14087963,3 T 2,
17,12308,0.142453704,3 T 1,
17,12316,0.142546296,1 C 4,
17,12317,0.14255787,1 T 4,
17,12341,0.142835648,3 C 2,
17,12344,0.14287037,3 C 2,
17,12345,0.142881944,3 T 4,
17,12349,0.142928241,3 C 2,
17,12349,0.142928241,end experiment,
18,12351,0.142951389,3 C 2,
18,12417,0.143715278,3 C 1,
18,12468,0.144305556,3 T 2,
18,12471,0.144340278,3 C 2,
18,12478,0.144421296,3 T 2,borderline
18,12505,0.144733796,3 T 2,
18,12558,0.145347222,3 T 1,
18,12601,0.145844907,3 T 2,
18,12645,0.146354167,3 T 2,
18,12740,0.147453704,3 C 2,
18,12743,0.147488426,3 T 2,
18,12748,0.147546296,2 C 1,
18,12749,0.14755787,3 T 2,
18,12752,0.147592593,2 C 4,
18,12754,0.147615741,2 T 4,
18,12755,0.147627315,2 T 4,
18,12767,0.147766204,3 T 2,
18,12768,0.147777778,3 C 2,
18,12768,0.147777778,3 T 4,
18,12771,0.1478125,3 T 4,
18,12787,0.147997685,1 T 4,
18,12853,0.148761574,2 T 1,
18,12854,0.148773148,2 T 1,
18,12970,0.150115741,3 T 2,
18,13035,0.150868056,end experiment,
19,13073,0.15130787,3 C 2,
19,13155,0.152256944,3 C 2,
19,13157,0.152280093,3 T 2,
19,13164,0.152361111,3 T 2,
19,13335,0.154340278,3 C 4,
19,13340,0.154398148,3 C 2,
19,13342,0.154421296,3 C 2,
19,13345,0.154456019,3 C 4,
19,13348,0.154490741,3 T 2,
19,13609,0.157511574,3 T 4,
19,13613,0.15755787,3 T 4,
19,13616,0.157592593,3 T 4,
19,13664,0.158148148,3 C 4,
19,13669,0.158206019,3 T 4,
19,13671,0.158229167,3 T 2,
19,13674,0.158263889,3 C 2,
19,13698,0.158541667,3 T 4,
19,13720,0.158796296,end experiment,
20,13726,0.158865741,1 C 4,
20,13727,0.158877315,3 T 4,
20,13728,0.158888889,1 T 2,
20,13730,0.158912037,2 T 1,
20,13731,0.158923611,2 C 1,
20,13802,0.15974537,3 T 4,
20,13811,0.159849537,3 C 2,
20,13813,0.159872685,3 T 4,
20,13815,0.159895833,3 B 4,
20,13817,0.159918981,3 T 4,
20,13817,0.159918981,3 C 4,
20,13819,0.15994213,3 T 4,
20,13819,0.15994213,3 C 4,
20,13821,0.159965278,3 B 2,
20,13822,0.159976852,3 C 2,
20,13824,0.16,3 T 4,
20,14019,0.162256944,4 T 1,
20,14020,0.162268519,3 T 1,
20,14027,0.162349537,1 C 4,
20,14031,0.162395833,1 C 4,
20,14177,0.164085648,3 T 4,
20,14214,0.164513889,3 C 4,
20,14223,0.164618056,3 T 1,
20,14275,0.165219907,3 C 2,
20,14278,0.16525463,3 C 2,
20,14281,0.165289352,3 C 4,
20,14289,0.165381944,3 T 4,
20,14405,0.166724537,end experiment,
21,14502,0.167847222,3 T 4,
21,14503,0.167858796,3 T 4,
21,14540,0.168287037,3 T 4,
21,14597,0.168946759,3 T 4,
21,14643,0.169479167,3 T 4,
21,14743,0.170636574,3 T 4,
21,14748,0.170694444,3 C 4,
21,14820,0.171527778,3 C 4,
21,14957,0.173113426,3 T 4,
21,15000,0.173611111,3 T 4,
21,15017,0.17380787,3 T 4,
21,15018,0.173819444,3 T 4,
21,15091,0.174664352,end experiment,
22,15230,0.176273148,3 C 4,
22,15251,0.176516204,3 T 4,
22,15288,0.176944444,3 T 1,
22,15325,0.177372685,2 T 4,
22,15326,0.177384259,3 T 4,
22,15327,0.177395833,3 T 4,
22,15330,0.177430556,3 T 4,
22,15486,0.179236111,3 T 2,
22,15491,0.179293981,3 T 2,
22,15494,0.179328704,3 C 2,
22,15498,0.179375,3 C 2,
22,15500,0.179398148,3 C 2,
22,15706,0.181782407,3 T 4,
22,15708,0.181805556,3 T 4,
22,15729,0.182048611,3 T 4,
22,15731,0.182071759,3 C 4,
22,15732,0.182083333,3 C 2,
22,15736,0.18212963,3 T 1,
22,15738,0.182152778,3 C 2,
22,15742,0.182199074,3 T 4,
22,15743,0.182210648,3 T 4,
22,15776,0.182592593,end experiment,
23,15813,0.183020833,3 C 2,
23,15815,0.183043981,3 T 2,
23,15817,0.18306713,3 T 2,
23,15818,0.183078704,3 T 2,
23,15820,0.183101852,1 T 2,
23,15878,0.183773148,1 T 4,
23,15882,0.183819444,1 T 4,
23,15884,0.183842593,1 T 4,
23,15887,0.183877315,1 C 4,
23,15896,0.183981481,1 C 4,
23,15899,0.184016204,1 T 4,
23,15900,0.184027778,3 C 4,
23,15901,0.184039352,1 T 4,
23,15905,0.184085648,3 T 4,
23,15906,0.184097222,3 C 4,
23,15908,0.18412037,3 T 4,
23,15909,0.184131944,3 T 2,
23,15917,0.184224537,3 C 4,
23,16024,0.185462963,3 C 4,
23,16025,0.185474537,3 C 4,
23,16026,0.185486111,3 T 2,
23,16461,0.190520833,end experiment,"after 4:10, large panic, then no activityï¿½"
24,16480,0.190740741,2 T 1,
24,16485,0.190798611,3 T 2,
24,16485,0.190798611,3 T 2,
24,16488,0.190833333,3 C 2,
24,16527,0.191284722,3 T 4,
24,16528,0.191296296,3 T 4,
24,16530,0.191319444,3 C 4,
24,16533,0.191354167,3 C 2,
24,16534,0.191365741,3 C 4,
24,16535,0.191377315,3 T 2,
24,16536,0.191388889,3 C 1,
24,16708,0.19337963,3 T 1,
24,16772,0.19412037,3 T 2,
24,16775,0.194155093,3 C 4,
24,16810,0.194560185,3 T 2,
24,16890,0.195486111,3 T 1,
24,17021,0.197002315,3 T 2,
24,17062,0.197476852,3 C 4,
24,17065,0.197511574,3 T 4,
24,17082,0.197708333,3 C 2,
24,17082,0.197708333,3 T 2,
24,17146,0.198449074,end experiment,
25,17300,0.200231481,3 C 2,
25,17302,0.20025463,3 T 2,
25,17309,0.200335648,3 C 2,
25,17378,0.201134259,3 C 2,
25,17473,0.202233796,3 C 2,
25,17475,0.202256944,3 C 2,
25,17561,0.203252315,3 C 4,
25,17565,0.203298611,3 C 4,
25,17649,0.204270833,3 C 2,
25,17654,0.204328704,3 T 2,
25,17768,0.205648148,3 C 4,
25,17831,0.206377315,End Experiment,
26,17951,0.207766204,2 C 1,
26,17953,0.207789352,2 C 1,
26,17956,0.207824074,2 T 4,
26,17957,0.207835648,2 T 4,
26,17958,0.207847222,2 T 4,
26,17960,0.20787037,2 C 1,
26,17963,0.207905093,2 C 4,
26,17964,0.207916667,2 C 1,
26,18082,0.209282407,3 T 4,
26,18131,0.209849537,3 C 2,
26,18132,0.209861111,3 T 2,
26,18134,0.209884259,3 C 2,
26,18137,0.209918981,3 C 4,
26,18213,0.210798611,2 T 4,
26,18467,0.213738426,2 T 4,
26,18470,0.213773148,2 T 4,
26,18471,0.213784722,2 T 4,
26,18475,0.213831019,2 T 4,
26,18477,0.213854167,2 T 4,
26,18516,0.214305556,End Experiment,
27,18672,0.216111111,2 T 4,
27,18739,0.216886574,2 T 4,
27,18743,0.21693287,2 C 4,
27,18745,0.216956019,2 C 4,
27,18749,0.217002315,3 T 4,
27,18751,0.217025463,2 T 4,
27,18813,0.217743056,2 T 4,
27,18821,0.217835648,3 T 4,
27,18916,0.218935185,3 C 2,
27,18918,0.218958333,3 C 2,
27,18922,0.21900463,3 C 2,
27,18923,0.219016204,3 C 4,
27,18925,0.219039352,3 T 4,
27,18927,0.2190625,3 T 4,
27,18930,0.219097222,3 T 4,
27,19065,0.220659722,3 C 2,
27,19066,0.220671296,2 T 4,
27,19070,0.220717593,3 C 4,
27,19073,0.220752315,3 C 2,
27,19074,0.220763889,2 T 1,
27,19082,0.220856481,3 T 1,
27,19085,0.220891204,3 T 1,
27,19127,0.221377315,3 T 1,
27,19145,0.221585648,2 T 1,
27,19180,0.221990741,3 T 4,
27,19181,0.222002315,3 C 1,
27,19202,0.22224537,end experiment,
28,19286,0.223217593,3 C 4,
28,19287,0.223229167,3 C 1,
28,19338,0.223819444,3 C 4,
28,19360,0.224074074,3 C 2,
28,19363,0.224108796,2 C 1,
28,19507,0.225775463,3 C 4,
28,19509,0.225798611,3 C 4,
28,19549,0.226261574,3 T 4,
28,19683,0.2278125,3 T 2,
28,19884,0.230138889,2 T 1,
28,19888,0.230185185,end experiment,
29,19892,0.230231481,2 T 4,
29,20009,0.231585648,2 T 1,
29,20013,0.231631944,2 C 1,
29,20052,0.232083333,3 T 4,
29,20120,0.23287037,3 T 4,
29,20121,0.232881944,3 C 4,
29,20122,0.232893519,3 T 4,
29,20124,0.232916667,3 T 4,
29,20125,0.232928241,3 T 1,
29,20348,0.235509259,3 T 1,
29,20405,0.236168981,3 T 1,
29,20548,0.237824074,3 T 1,
29,20573,0.238113426,end experiment,
30,20579,0.23818287,2 C 1,
30,20655,0.2390625,3 C 4,
30,20744,0.240092593,3 T 1,
30,20746,0.240115741,3 C 1,
30,21009,0.243159722,1 T 4,
30,21258,0.246041667,end experiment,
31,21325,0.24681713,2 C 4,
31,21325,0.24681713,2 B 4,
31,21328,0.246851852,4 C 2,
31,21331,0.246886574,2 C 1,
31,21333,0.246909722,2 T 4,
31,21333,0.246909722,4 C 2,
31,21334,0.246921296,2 C 4,
31,21338,0.246967593,3 T 1,
31,21339,0.246979167,2 T 1,
31,21342,0.247013889,2 T 4,
31,21345,0.247048611,3 T 4,
31,21347,0.247071759,end experiment,
31,21342,0.247013889,2 T 4,
31,21345,0.247048611,3 T 4,
31,21347,0.247071759,end experiment,
31,21339,0.246979167,2 T 1,
31,21342,0.247013889,2 T 4,
31,21345,0.247048611,3 T 4,
31,21347,0.247071759,end experiment,
31,21342,0.247013889,2 T 4,
31,21345,0.247048611,3 T 4,
31,21347,0.247071759,end experiment,
